<?xml version="1.0" encoding="UTF-8"?>
<!DOCTYPE mapper PUBLIC "-//mybatis.org//DTD Mapper 3.0//EN" "http://mybatis.org/dtd/mybatis-3-mapper.dtd">
<mapper namespace="self.lide.demo.dao.DemoTableMapper">
  <resultMap id="BaseResultMap" type="self.lide.demo.entity.DemoTable">
    <!--
      WARNING - @mbg.generated
      This element is automatically generated by MyBatis Generator, do not modify.
      This element was generated on Mon Feb 26 11:16:11 CST 2018.
    -->
    <id column="id" jdbcType="BIGINT" property="id" />
    <result column="status" jdbcType="INTEGER" property="status" />
    <result column="message" jdbcType="INTEGER" property="message" />
    <result column="createtime" jdbcType="TIMESTAMP" property="createtime" />
  </resultMap>
  <sql id="Base_Column_List">
    <!--
      WARNING - @mbg.generated
      This element is automatically generated by MyBatis Generator, do not modify.
      This element was generated on Mon Feb 26 11:16:11 CST 2018.
    -->
    id, status, message, createtime
  </sql>
  <select id="selectByPrimaryKey" parameterType="java.lang.Long" resultMap="BaseResultMap">
    <!--
      WARNING - @mbg.generated
      This element is automatically generated by MyBatis Generator, do not modify.
      This element was generated on Mon Feb 26 11:16:11 CST 2018.
    -->
    select 
    <include refid="Base_Column_List" />
    from demo_table
    where id = #{id,jdbcType=BIGINT}
  </select>
  <delete id="deleteByPrimaryKey" parameterType="java.lang.Long">
    <!--
      WARNING - @mbg.generated
      This element is automatically generated by MyBatis Generator, do not modify.
      This element was generated on Mon Feb 26 11:16:11 CST 2018.
    -->
    delete from demo_table
    where id = #{id,jdbcType=BIGINT}
  </delete>
  <insert id="insert" parameterType="self.lide.demo.entity.DemoTable">
    <!--
      WARNING - @mbg.generated
      This element is automatically generated by MyBatis Generator, do not modify.
      This element was generated on Mon Feb 26 11:16:11 CST 2018.
    -->
    insert into demo_table (id, status, message, 
      createtime)
    values (#{id,jdbcType=BIGINT}, #{status,jdbcType=INTEGER}, #{message,jdbcType=INTEGER}, 
      #{createtime,jdbcType=TIMESTAMP})
  </insert>
  <insert id="insertSelective" parameterType="self.lide.demo.entity.DemoTable">
    <!--
      WARNING - @mbg.generated
      This element is automatically generated by MyBatis Generator, do not modify.
      This element was generated on Mon Feb 26 11:16:11 CST 2018.
    -->
    insert into demo_table
    <trim prefix="(" suffix=")" suffixOverrides=",">
      <if test="id != null">
        id,
      </if>
      <if test="status != null">
        status,
      </if>
      <if test="message != null">
        message,
      </if>
      <if test="createtime != null">
        createtime,
      </if>
    </trim>
    <trim prefix="values (" suffix=")" suffixOverrides=",">
      <if test="id != null">
        #{id,jdbcType=BIGINT},
      </if>
      <if test="status != null">
        #{status,jdbcType=INTEGER},
      </if>
      <if test="message != null">
        #{message,jdbcType=INTEGER},
      </if>
      <if test="createtime != null">
        #{createtime,jdbcType=TIMESTAMP},
      </if>
    </trim>
  </insert>
  <update id="updateByPrimaryKeySelective" parameterType="self.lide.demo.entity.DemoTable">
    <!--
      WARNING - @mbg.generated
      This element is automatically generated by MyBatis Generator, do not modify.
      This element was generated on Mon Feb 26 11:16:11 CST 2018.
    -->
    update demo_table
    <set>
      <if test="status != null">
        status = #{status,jdbcType=INTEGER},
      </if>
      <if test="message != null">
        message = #{message,jdbcType=INTEGER},
      </if>
      <if test="createtime != null">
        createtime = #{createtime,jdbcType=TIMESTAMP},
      </if>
    </set>
    where id = #{id,jdbcType=BIGINT}
  </update>
  <update id="updateByPrimaryKey" parameterType="self.lide.demo.entity.DemoTable">
    <!--
      WARNING - @mbg.generated
      This element is automatically generated by MyBatis Generator, do not modify.
      This element was generated on Mon Feb 26 11:16:11 CST 2018.
    -->
    update demo_table
    set status = #{status,jdbcType=INTEGER},
      message = #{message,jdbcType=INTEGER},
      createtime = #{createtime,jdbcType=TIMESTAMP}
    where id = #{id,jdbcType=BIGINT}
  </update>
</mapper>