<?xml version="1.0" encoding="UTF-8"?>
<!DOCTYPE generatorConfiguration PUBLIC "-//mybatis.org//DTD MyBatis Generator Configuration 1.0//EN" "http://mybatis.org/dtd/mybatis-generator-config_1_0.dtd">
<generatorConfiguration>
  <context id="DB2Tables">
    <jdbcConnection connectionURL="jdbc:mysql://127.0.0.1:3306/demo" driverClass="com.mysql.jdbc.Driver" password="dabby@2011" userId="root" />
    <javaModelGenerator targetPackage="self.lide.demo.entity" targetProject="demo-springboot-mybatis" />
    <sqlMapGenerator targetPackage="mapping" targetProject="demo-springboot-mybatis/src/main/resources" />
    <javaClientGenerator targetPackage="self.lide.demo.dao" targetProject="demo-springboot-mybatis" type="XMLMAPPER" />

    <table tableName="demo_table" domainObjectName="DemoTable" enableCountByExample="false" enableUpdateByExample="false" enableDeleteByExample="false" enableSelectByExample="false" selectByExampleQueryId="false"></table>
  </context>
</generatorConfiguration>